"","AIC","AICc","BIC","R2","R2_adjusted","RMSE","Sigma"
"1",-314.502579655775,-313.804905237171,-301.89363677053,0.404142081829771,0.383828743710332,0.915835816445293,0.93641896658912
