"","AIC","AICc","BIC","R2","R2_adjusted","RMSE","Sigma"
"1",40.0036637795229,40.2763910522501,47.56902951067,0.0607105371242978,0.0502739875367901,0.573985967402687,0.580328546326401
