"","AIC","AICc","BIC","R2","R2_adjusted","RMSE","Sigma"
"1",170.126982091222,170.703905168145,183.629383920184,0.30861043225003,0.289042802974087,0.617415892374407,0.628957375173415
