"","AIC","AICc","BIC","R2_conditional","R2_marginal","ICC","RMSE","Sigma"
"1",778.004215831623,778.819749812206,794.207098026378,0.486382300085464,0.29858511002303,0.267740523826918,0.625431512440556,0.683642243614078
