"","AIC","AICc","BIC","R2","R2_adjusted","RMSE","Sigma"
"1",-1793.81046281672,-1792.51666227763,-1734.43409242127,0.257522436753457,0.231645202645669,1.04399167456371,1.06340354057248
