"","AIC","AICc","BIC","R2_conditional","R2_marginal","ICC","RMSE","Sigma"
"1",-375.270053189822,-374.693130112899,-361.76765136086,0.436927657077502,0.25602697894676,0.243154890045127,0.780894769109909,0.838326725309428
