"","AIC","AICc","BIC","R2_conditional","R2_marginal","ICC","RMSE","Sigma"
"1",248.407019922693,248.853235062135,273.30481635459,0.442081089837043,0.126224493266254,0.361484836936538,0.738072813225813,0.830864667398749
