"","AIC","AICc","BIC","R2_conditional","R2_marginal","ICC","RMSE","Sigma"
"1",2309.80916100092,2310.38516100092,2338.26378549452,0.485436632371665,0.110636746416868,0.42142497392913,0.786695147727752,0.898017197198258
