"","AIC","AICc","BIC","R2_conditional","R2_marginal","ICC","RMSE","Sigma"
"1",418.074285287653,418.455237668605,428.876206750823,0.446686929432985,0.077939194717001,0.399916938886484,1.04076530378822,1.15025824218381
