"","AIC","AICc","BIC","R2","R2_adjusted","RMSE","Sigma"
"1",79.6990971009809,80.5562399581238,84.0963048093801,0.216772602725278,0.19066502281612,0.765374409270159,0.790475290857777
