"","AIC","AICc","BIC","R2","R2_adjusted","RMSE","Sigma"
"1",126.418787529945,126.880325991483,132.49484260215,0.230833235001242,0.216589406019783,0.709091442115618,0.722103379586715
