"","AIC","AICc","BIC","R2","R2_adjusted","RMSE","Sigma"
"1",803.09205480193,803.186172448989,813.762538987029,0.091549134082972,0.0880143058109213,0.819862440091945,0.823046383879597
