"","AIC","AICc","BIC","R2","R2_adjusted","RMSE","Sigma"
"1",57.8031609096483,60.9142720207594,66.9613240573452,0.417996346889904,0.337719980943684,0.540723269506264,0.585484657542393
