"","AIC","AICc","BIC","R2","R2_adjusted","RMSE","Sigma"
"1",-143.067305567379,-139.956194456268,-133.909142419682,0.36728135118278,0.280009813414887,0.826368597832231,0.894775872966176
