"","AIC","AICc","BIC","R2","R2_adjusted","RMSE","Sigma"
"1",238.486565602689,240.629422745547,246.11836822577,0.334439657120051,0.267883622832056,1.21275960057337,1.29108118591381
