"","AIC","AICc","BIC","R2","R2_adjusted","RMSE","Sigma"
"1",234.674801210886,237.785912321997,243.832964358583,0.382426285023936,0.297243703647927,1.34423856475415,1.45551541818979
