"","AIC","AICc","BIC","R2","R2_adjusted","RMSE","Sigma"
"1",27.5299239280247,29.6727810708819,35.1617265511056,0.479996975997436,0.427996673597179,1.03592118343026,1.1028223148133
