"","AIC","AICc","BIC","R2_conditional","R2_marginal","ICC","RMSE","Sigma"
"1",946.001613776743,946.977485090416,997.46113478613,0.543913736748903,0.249882999686758,0.391979833731752,0.696907304648562,0.776878949293293
