"","AIC","AICc","BIC","R2_conditional","R2_marginal","ICC","RMSE","Sigma"
"1",946.001613776743,946.977485090416,997.46113478613,0.543913736738923,0.249882999689404,0.391979833716303,0.696907304651386,0.776878949297618
