"","AIC","AICc","BIC","R2_conditional","R2_marginal","ICC","RMSE","Sigma"
"1",4614.37892752499,4615.35479883867,4665.83844853438,0.768917206685763,0.144243022475167,0.729966802043947,0.654346816145928,0.754755196151273
