"","AIC","AICc","BIC","R2","R2_adjusted","RMSE","Sigma"
"1",115.775992007754,116.321446553209,121.389595040478,0.142426247123989,0.123783339452772,0.759239035445497,0.775568624795943
