"","AIC","AICc","BIC","R2_conditional","R2_marginal","ICC","RMSE","Sigma"
"1",963.502402233793,963.829674961065,996.358585335731,0.504247776245663,0.263005965637404,0.327332107670182,0.538857735475076,0.59535057242355
