"","AIC","AICc","BIC","R2","R2_adjusted","RMSE","Sigma"
"1",181.282933720655,181.816267053989,190.811040259351,0.397835960200013,0.382195335789624,0.714680136837359,0.728469449030835
