"","AIC","AICc","BIC","R2","R2_adjusted","RMSE","Sigma"
"1",248.446809372425,249.73713195307,254.780885126249,0.322591627505614,0.281536574627167,1.1904515583643,1.24338610085319
