"","AIC","AICc","BIC","R2","R2_adjusted","RMSE","Sigma"
"1",243.424491813149,245.424491813149,251.34208650543,0.340631435867667,0.278815632980261,1.36718171678395,1.4501151945783
