"","AIC","AICc","BIC","R2","R2_adjusted","RMSE","Sigma"
"1",34.1572496495606,35.4475722302057,40.491325403385,0.392878434224017,0.356083187813351,1.09906459913537,1.14793553496825
