"","AIC","AICc","BIC","R2","R2_adjusted","RMSE","Sigma"
"1",10.706049877911,11.9963724585561,17.0401256317354,0.175382891744535,0.12540609730481,0.602355641019422,0.629139948242116
