"","AIC","AICc","BIC","R2","R2_adjusted","RMSE","Sigma"
"1",178.812723450665,180.085450723392,192.555480097555,0.198229808351129,0.151066855901196,0.758520363977634,0.785912540107879
