"","Estimate","Std. Error","t value","Pr(>|t|)"
"(Intercept)",1.3846121243441,0.159468218508409,8.68268384318274,1.5954540829959e-12
"Zip85192",-0.938900181474168,0.193887442951065,-4.84250123258955,8.08383680142087e-06
