"","AIC","AICc","BIC","R2","R2_adjusted","RMSE","Sigma"
"1",168.488346459543,168.836172546499,175.359724782988,0.244345711118073,0.233702692964807,0.736383192803232,0.746682758634133
