"","AIC","AICc","BIC","R2","R2_adjusted","RMSE","Sigma"
"1",157.452679678774,157.827679678774,164.111202794303,0.262156130249953,0.250976677677982,0.736890562362083,0.747972245282809
