"","AIC","AICc","BIC","R2","R2_adjusted","RMSE","Sigma"
"1",161.724469329726,163.939853945111,180.156990075359,0.394798726587622,0.34060159762532,0.64770901109632,0.680704148878177
