"","AIC","AICc","BIC","R2","R2_adjusted","RMSE","Sigma"
"1",-552.35375645403,-551.972804073077,-541.55183499086,0.0701466770939094,0.0527662411517396,0.997541450989563,1.01142900716241
