"","AIC","AICc","BIC","R2","R2_adjusted","RMSE","Sigma"
"1",-552.792782749142,-552.215859672218,-539.29038092018,0.0905373868429834,0.0647978789234451,0.986543302534387,1.00498496025215
