"","AIC","AICc","BIC","R2","R2_adjusted","RMSE","Sigma"
"1",792.777890567024,793.311223900357,802.305997105719,0.213794725624561,0.193373809407017,0.772692655988457,0.787601283937992
