"","AIC","AICc","BIC","R2_conditional","R2_marginal","ICC","RMSE","Sigma"
"1",2453.40937460673,2453.56685492169,2467.63668685353,0.271477834204231,0.0343859689820345,0.245534817852895,0.618452680565627,0.672587393688137
