"","AIC","AICc","BIC","R2","R2_adjusted","RMSE","Sigma"
"1",378.243394112557,379.394079044064,392.5355539206,0.564747144060373,0.54153365841026,0.779907942034051,0.805485458952741
