"","AIC","AICc","BIC","R2_conditional","R2_marginal","ICC","RMSE","Sigma"
"1",183.488947986509,184.304481967091,199.691830181263,0.3773240479752,0.307555884233291,0.10075638185568,0.56701035010395,0.598768326132751
