"","AIC","AICc","BIC","R2","R2_adjusted","RMSE","Sigma"
"1",380.670677912366,381.481488723177,392.580811085735,0.5399808184057,0.521822166500661,0.801789747629757,0.82261892399195
