"","AIC","AICc","BIC","R2","R2_adjusted","RMSE","Sigma"
"1",658.612748244803,659.146081578137,668.140854783499,0.392437033887603,0.376656177624943,0.98171464290127,1.00065622109565
