"","AIC","AICc","BIC","R2","R2_adjusted","RMSE","Sigma"
"1",278.592321953674,279.522554511813,286.077125997305,0.416209061267209,0.390262797323529,0.819015187812117,0.845875248716605
