"","AIC","AICc","BIC","R2","R2_adjusted","RMSE","Sigma"
"1",-1314.41616546973,-1314.25868515477,-1300.18885322293,0.077415764176493,0.0702080748341218,1.01419655981273,1.02012180921228
