"","AIC","AICc","BIC","R2","R2_adjusted","RMSE","Sigma"
"1",2.93825935497929,3.7490701657901,14.8483925283487,0.485877280793515,0.465582962930102,0.959242496307189,0.984162035611299
