"","AIC","AICc","BIC","R2","R2_adjusted","RMSE","Sigma"
"1",-213.634045627258,-213.088591081804,-208.020442594535,0.133045370396417,0.114198530622425,0.851352521201008,0.869663272380341
