"","AIC","AICc","BIC","R2_conditional","R2_marginal","ICC","RMSE","Sigma"
"1",-909.35915847471,-909.122004324512,-891.575018166212,0.413180975477174,0.0868411760636816,0.357374632823184,0.547883973587998,0.613535499692003
