"","AIC","AICc","BIC","R2","R2_adjusted","RMSE","Sigma"
"1",-61.3505854690767,-60.8051309236221,-55.736982436353,0.209656951917621,0.192475581307134,1.11248973377675,1.13641698153543
