"","AIC","AICc","BIC","R2","R2_adjusted","RMSE","Sigma"
"1",-121.163743521466,-120.630410188132,-111.63563698277,0.426841700111913,0.411954471543391,0.81106478192456,0.826713776363644
