"","AIC","AICc","BIC","R2_conditional","R2_marginal","ICC","RMSE","Sigma"
"1",244.820115364056,245.057269514253,262.604255672553,0.414864045274668,0.115896263604361,0.33815916544947,0.756806012850485,0.845045073459107
