"","AIC","AICc","BIC","R2","R2_adjusted","RMSE","Sigma"
"1",915.899297164069,916.432630497402,925.427403702764,0.289104711596635,0.270639898910833,1.2626866286891,1.28704938795449
