"","AIC","AICc","BIC","R2_conditional","R2_marginal","ICC","RMSE","Sigma"
"1",502.299008430182,503.229240988321,509.783812473813,0.339207444096262,0.0625493995766172,0.295117464743953,0.844415247596512,0.948343709697888
