"","AIC","AICc","BIC","R2_conditional","R2_marginal","ICC","RMSE","Sigma"
"1",789.194875595202,790.005686406013,801.105008768572,0.427396589121885,0.224266321137757,0.261855677430502,0.715547352144201,0.785286638178281
