"","AIC","AICc","BIC","R2","R2_adjusted","RMSE","Sigma"
"1",324.213794690425,324.75924923588,329.827397723149,0.23478370364018,0.218148566762792,1.46279036413443,1.49425182072048
