"","AIC","AICc","BIC","R2","R2_adjusted","RMSE","Sigma"
"1",567.739715307327,568.273048640661,577.267821846023,0.325846768144071,0.308336294589372,1.16873152465234,1.19128147816736
