"","AIC","AICc","BIC","R2","R2_adjusted","RMSE","Sigma"
"1",287.907015766719,288.71782657753,299.817148940089,0.343637765121877,0.317728729534583,0.87529462987253,0.898033341945604
