"","AIC","AICc","BIC","R2","R2_adjusted","RMSE","Sigma"
"1",-11.311873804583,-10.7664192591284,-5.6982707718593,0.159996235332533,0.141735283926719,1.11366955613035,1.13762217931578
