"","AIC","AICc","BIC","R2","R2_adjusted","RMSE","Sigma"
"1",291.636907400033,292.170240733366,301.165013938728,0.294902233365167,0.276588005660367,0.90720856334548,0.924712592714374
