"","AIC","AICc","BIC","R2","R2_adjusted","RMSE","Sigma"
"1",131.114222070376,131.65967661583,136.727825103099,0.193047900217454,0.175505463265659,1.04650368550225,1.06901171609627
