"","AIC","AICc","BIC","R2","R2_adjusted","RMSE","Sigma"
"1",65.8785258885407,66.1943153622249,73.0246057925623,0.345013274155874,0.336616008439923,0.641413128652411,0.649584325950597
