"","AIC","AICc","BIC","R2","R2_adjusted","RMSE","Sigma"
"1",121.192333390896,121.725666724229,130.720439929592,0.364349284380463,0.347838876182553,0.667740257720229,0.680623893913902
