"","AIC","AICc","BIC","R2","R2_adjusted","RMSE","Sigma"
"1",128.634051806763,129.167385140096,138.162158345458,0.302382677814281,0.284262747367898,0.699530924295593,0.71302794178203
