"","AIC","AICc","BIC","R2","R2_adjusted","RMSE","Sigma"
"1",150.85105253246,151.396507077915,156.464655565184,0.170303747619825,0.152266872568082,0.738762774164194,0.754651963426465
