"","AIC","AICc","BIC","R2","R2_adjusted","RMSE","Sigma"
"1",245.49947624674,245.815265720424,252.645556150761,0.134488562971681,0.123392262496959,0.671110635182388,0.679660159917729
