"","AIC","AICc","BIC","R2_conditional","R2_marginal","ICC","RMSE","Sigma"
"1",-125.74979343364,-125.368841052687,-114.94787197047,0.237301768436215,0.0974356090350312,0.154965297546967,1.19400864623887,1.26880623022918
