"","AIC","AICc","BIC","R2","R2_adjusted","RMSE","Sigma"
"1",-171.363329667405,-171.04754019372,-164.217249763383,0.0574080782037931,0.0453235663858931,1.27202499414524,1.28822978748525
