"","AIC","AICc","BIC","R2","R2_adjusted","RMSE","Sigma"
"1",162.030822539305,162.961055097445,169.515626582937,0.541526715697908,0.521150125284482,0.617314688659088,0.637559868945563
