"","AIC","AICc","BIC","R2_conditional","R2_marginal","ICC","RMSE","Sigma"
"1",3251.98402091861,3252.22117506881,3269.76816122711,0.715101934471044,0.0915100825769171,0.686404813014255,0.68370537430422,0.808753990394648
