"","AIC","AICc","BIC","R2_conditional","R2_marginal","ICC","RMSE","Sigma"
"1",3260.38993542573,3260.83615056517,3285.28773185762,0.71800978088011,0.0771880671345734,0.694422873093674,0.677646881441432,0.806646426302424
