"","Estimate","Std. Error","df","t value","Pr(>|t|)"
"(Intercept)",-4.53916039478882,0.580394219366766,306.368930142104,-7.8208228878317,8.53831294507632e-14
"seasonMonsoon",1.05395411932597,0.122535566445887,266.350039116135,8.60120983560646,6.8907188801871e-16
"prox.normal",-0.26804038102326,0.0966955542493739,95.2826119693345,-2.77200315054811,0.00670086481063146
"pH",0.304823567297751,0.0891445489689077,307.862020194729,3.41943024922442,0.000712111672553989
"communityGlobe/Miami",0.840775832590164,0.301635030451298,94.4586727214966,2.7873945255371,0.00642387661929351
"communityTucson",-0.0627111340504923,0.27239632338104,100.141864515186,-0.230220192666731,0.818390303248717
"Q67Yes",0.494124128285469,0.183980757202423,82.3390496807049,2.68573809456504,0.00875080432092535
