"","Estimate","Std. Error","df","t value","Pr(>|t|)"
"(Intercept)",-4.26984953860996,0.462919148767871,297.135631130619,-9.22374792655437,5.50030795294376e-18
"seasonMonsoon",0.667500969921919,0.104003523612073,278.363151620809,6.41806110734916,5.9235320367618e-10
"prox.normal",-0.222565466364325,0.0669345624169021,94.0351466769022,-3.32512021185819,0.0012612768644691
"pH",0.363825938478707,0.0730076142879942,313.615259102438,4.98339717065014,1.03486634083445e-06
"communityGlobe/Miami",1.26048871005843,0.208680297784432,93.9808386944608,6.04028613837094,3.06080120076654e-08
"communityTucson",2.57355691821347,0.189932731514198,101.542324820039,13.549833657929,1.67678738509699e-24
"Q67Yes",0.248084584896056,0.124791227335766,77.2034889382155,1.98799699460087,0.0503572569271862
