"","AIC","AICc","BIC","R2","R2_adjusted","RMSE","Sigma"
"1",87.8674226507104,90.9785337618216,97.0255857984074,0.350272426492369,0.260654830146489,0.738421011109877,0.799547933652902
