"","AIC","AICc","BIC","R2","R2_adjusted","RMSE","Sigma"
"1",92.442079066392,96.442079066392,103.526711635585,0.350443605905526,0.24218420688978,0.719308307438394,0.787962771569739
