"","Estimate","Std. Error","t value","Pr(>|t|)"
"(Intercept)",-0.523316331354339,0.259810098703819,-2.01422629052966,0.053344319279575
"seasonMonsoon",0.80559087924418,0.293310505359006,2.74654628636009,0.0102399816160493
"Q651-2 years",-0.133518393189774,0.421136941773832,-0.317042700237584,0.753482459973192
"Q653-4 years",0.536888835024288,0.364601865915474,1.47253452385994,0.151647647083335
"Q655+ years",1.06526254842997,0.364601865915474,2.92171447273101,0.00667892316291875
