"","AIC","AICc","BIC","R2","R2_adjusted","RMSE","Sigma"
"1",-332.302412265863,-331.635745599196,-319.480671308524,0.415143277164334,0.396071862289258,0.894739113141831,0.91398301606473
