"","AIC","AICc","BIC","R2","R2_adjusted","RMSE","Sigma"
"1",38.8241929966775,39.0850625618949,46.517237571081,0.112932311940561,0.103495421642057,0.560254326050882,0.566183108363494
